{"test/epoch/total_loss":2247.6810188293457,"test/epoch/trans_loss":5.858543701469898,"_timestamp":1.7638015958703704e+09,"test/epoch/avg_CD_B":0.29267001152038574,"test/epoch/avg_t":0.14646358788013458,"test/epoch/epoch":104,"_step":9368,"_runtime":2493.815898124,"test/epoch/avg_r":55.08781051635742,"train/network_B/trans_loss":0.03292786329984665,"train/network_B/step":9353,"train/network_B/rot_loss":27.22974395751953,"_wandb":{"runtime":2495},"train/network_B/total_loss":27.5444393157959,"test/epoch/avg_gd":27.54390525817871,"test/epoch/rot_loss":2203.512622833252}