{"test/epoch/total_loss":2788.7408332824707,"train/network_B/total_loss":33.739593505859375,"train/network_B/trans_loss":0.2361738085746765,"test/epoch/trans_loss":6.702974587678909,"train/network_B/rot_loss":32.718360900878906,"_wandb":{"runtime":403},"test/epoch/avg_r":68.28488159179688,"test/epoch/rot_loss":2731.3948612213135,"_runtime":403.780882878,"test/epoch/avg_CD_B":0.33519917726516724,"_step":1489,"test/epoch/avg_gd":34.14244079589844,"_timestamp":1.7638027275141335e+09,"train/network_B/step":1562,"test/epoch/epoch":16,"test/epoch/avg_t":0.16757436096668243}